rmse,mae,mape
163.7297381964152,53.210972701178655,0.8072817402625269
